order_id,customer_id,product_id,order_timestamp,quantity,unit_price,order_status,payment_method,updated_at
1,,,2024-06-25 11:13:00,1.0,,returned,cash,2024-06-25 18:13:00
2,,6.0,2024-04-11 08:12:00,,1282.59,created,cash,2024-04-12 15:12:00
3,9.0,38.0,2024-02-02 18:13:00,2.0,663.83,returned,credit_card,2024-02-04 05:13:00
4,33.0,8.0,2024-02-07 04:34:00,2.0,39.57,returned,cash,2024-02-07 06:34:00
5,,34.0,2024-02-14 08:03:00,,,shipped,credit_card,2024-02-16 17:03:00
6,,30.0,2024-05-08 07:39:00,1.0,,cancelled,credit_card,2024-05-10 21:39:00
7,,39.0,2024-04-23 02:57:00,1.0,,cancelled,cash,2024-04-25 12:57:00
8,13.0,36.0,2024-05-09 19:27:00,5.0,908.59,cancelled,cash,2024-05-12 05:27:00
9,,,2024-04-12 13:46:00,,517.23,,,2024-04-12 21:46:00
10,56.0,24.0,2024-01-24 02:05:00,-1.0,,,credit_card,2024-01-26 06:05:00
11,55.0,,2024-03-31 21:48:00,3.0,216.17,paid,,2024-04-02 01:48:00
12,,,2024-01-28 11:54:00,-1.0,,returned,credit_card,2024-01-29 21:54:00
13,,,2024-01-08 05:17:00,1.0,371.0,returned,,2024-01-08 13:17:00
14,4.0,34.0,2024-02-06 23:40:00,5.0,,paid,cash,2024-02-08 14:40:00
15,11.0,10.0,2024-03-24 18:38:00,-1.0,109.03,shipped,,2024-03-27 00:38:00
16,,14.0,2024-05-04 19:28:00,3.0,,,,2024-05-07 14:28:00
17,,39.0,2024-06-19 09:02:00,1.0,416.8,paid,cash,2024-06-20 22:02:00
18,,12.0,2024-03-24 03:00:00,5.0,1069.84,returned,cash,2024-03-24 12:00:00
19,56.0,30.0,2024-04-11 23:02:00,3.0,,,,2024-04-13 12:02:00
20,42.0,,2024-01-30 12:01:00,,1840.34,cancelled,credit_card,2024-01-31 19:01:00
21,68.0,,2024-04-21 18:25:00,,,paid,credit_card,2024-04-24 11:25:00
22,66.0,,2024-06-11 03:33:00,,1916.86,paid,credit_card,2024-06-11 21:33:00
23,78.0,5.0,2024-03-06 06:11:00,,,,cash,2024-03-07 22:11:00
24,,,2024-02-08 14:04:00,-1.0,121.78,shipped,,2024-02-10 23:04:00
25,,5.0,2024-01-10 01:23:00,-1.0,,cancelled,credit_card,2024-01-12 10:23:00
26,,33.0,2024-05-26 20:12:00,1.0,,,credit_card,2024-05-29 12:12:00
27,,29.0,2024-06-14 05:02:00,3.0,,cancelled,,2024-06-16 00:02:00
28,,,2024-06-22 19:03:00,1.0,,shipped,cash,2024-06-23 14:03:00
29,85.0,,2024-03-26 02:37:00,,,paid,credit_card,2024-03-27 17:37:00
30,,9.0,2024-05-23 12:41:00,,,created,cash,2024-05-25 03:41:00
31,,13.0,2024-02-16 06:21:00,2.0,,created,credit_card,2024-02-18 01:21:00
32,49.0,11.0,2024-06-07 04:38:00,,1544.48,,,2024-06-07 09:38:00
33,93.0,,2024-04-15 11:43:00,,1569.76,returned,bank_transfer,2024-04-17 02:43:00
34,,,2024-04-30 06:23:00,5.0,,paid,bank_transfer,2024-04-30 23:23:00
35,,36.0,2024-03-05 01:41:00,,1693.33,shipped,credit_card,2024-03-05 21:41:00
36,66.0,28.0,2024-03-10 14:57:00,2.0,,created,,2024-03-10 20:57:00
37,,,2024-04-11 16:23:00,2.0,66.09,,cash,2024-04-12 10:23:00
38,,,2024-02-05 01:18:00,5.0,1234.54,created,cash,2024-02-06 04:18:00
39,,,2024-02-08 17:46:00,2.0,609.29,paid,,2024-02-11 03:46:00
40,,39.0,2024-01-17 03:53:00,,1035.6,,bank_transfer,2024-01-18 16:53:00
41,46.0,,2024-04-19 00:39:00,2.0,1332.1,returned,cash,2024-04-19 08:39:00
42,101.0,,2024-05-14 17:32:00,1.0,,shipped,credit_card,2024-05-16 14:32:00
43,94.0,,2024-01-18 11:15:00,2.0,,,bank_transfer,2024-01-20 22:15:00
44,24.0,,2024-06-27 15:40:00,1.0,593.95,paid,credit_card,2024-06-29 07:40:00
45,,17.0,2024-03-20 16:25:00,,,created,cash,2024-03-22 02:25:00
46,,,2024-02-01 11:27:00,3.0,,,,2024-02-03 10:27:00
47,,,2024-05-12 08:51:00,-1.0,1990.25,returned,cash,2024-05-14 01:51:00
48,,,2024-01-27 02:20:00,-1.0,1438.15,,,2024-01-28 22:20:00
49,,,2024-04-24 01:46:00,3.0,1282.54,created,,2024-04-25 23:46:00
50,21.0,,2024-05-11 23:43:00,1.0,261.2,,cash,2024-05-13 21:43:00
51,78.0,,2024-04-08 18:02:00,3.0,893.44,returned,bank_transfer,2024-04-11 13:02:00
52,,16.0,2024-04-03 12:20:00,1.0,,returned,,2024-04-06 11:20:00
53,,,2024-01-31 08:49:00,,,paid,credit_card,2024-02-01 01:49:00
54,,,2024-01-19 14:11:00,,701.38,returned,cash,2024-01-21 04:11:00
55,119.0,24.0,2024-02-10 22:45:00,1.0,1970.41,paid,,2024-02-11 01:45:00
56,,36.0,2024-04-02 17:36:00,-1.0,1769.65,shipped,,2024-04-05 06:36:00
57,53.0,,2024-05-14 13:49:00,,,,cash,2024-05-15 05:49:00
58,24.0,28.0,2024-05-21 20:37:00,1.0,,paid,bank_transfer,2024-05-23 13:37:00
59,,,2024-02-27 11:33:00,2.0,,paid,cash,2024-03-01 07:33:00
60,22.0,,2024-01-24 16:41:00,-1.0,91.98,created,credit_card,2024-01-26 01:41:00
61,,40.0,2024-06-15 06:49:00,5.0,,,cash,2024-06-17 19:49:00
62,,5.0,2024-03-03 21:25:00,2.0,,cancelled,bank_transfer,2024-03-05 16:25:00
63,,,2024-06-04 04:20:00,2.0,1523.72,shipped,bank_transfer,2024-06-06 15:20:00
64,32.0,7.0,2024-02-01 08:28:00,3.0,,paid,bank_transfer,2024-02-03 01:28:00
65,25.0,,2024-05-27 23:20:00,5.0,,created,credit_card,2024-05-30 01:20:00
66,,4.0,2024-05-09 14:15:00,3.0,,shipped,credit_card,2024-05-10 03:15:00
67,,,2024-04-20 04:56:00,1.0,807.16,shipped,cash,2024-04-20 13:56:00
68,,40.0,2024-04-08 16:28:00,2.0,,shipped,cash,2024-04-11 15:28:00
69,,33.0,2024-04-03 04:12:00,1.0,,cancelled,,2024-04-03 23:12:00
70,,,2024-06-04 16:08:00,-1.0,,returned,cash,2024-06-07 08:08:00
71,,31.0,2024-05-10 17:31:00,3.0,669.17,cancelled,cash,2024-05-10 20:31:00
72,84.0,,2024-06-01 15:16:00,2.0,,paid,bank_transfer,2024-06-01 19:16:00
73,25.0,,2024-05-26 22:07:00,5.0,311.35,cancelled,,2024-05-27 05:07:00
74,,,2024-06-29 04:33:00,3.0,,returned,cash,2024-07-02 01:33:00
75,,,2024-03-31 21:49:00,2.0,,returned,cash,2024-04-02 01:49:00
76,,,2024-03-17 09:45:00,3.0,,shipped,credit_card,2024-03-20 06:45:00
77,45.0,19.0,2024-04-07 12:52:00,3.0,1911.07,shipped,,2024-04-08 20:52:00
78,,,2024-05-02 06:12:00,2.0,227.36,paid,credit_card,2024-05-05 01:12:00
79,7.0,,2024-02-27 20:14:00,,950.08,created,bank_transfer,2024-03-01 00:14:00
80,84.0,,2024-06-16 15:30:00,3.0,1295.34,,bank_transfer,2024-06-19 11:30:00
81,113.0,,2024-01-10 05:26:00,5.0,,created,credit_card,2024-01-11 19:26:00
82,,,2024-05-25 19:06:00,,,paid,,2024-05-27 05:06:00
83,,17.0,2024-02-19 03:21:00,1.0,,returned,bank_transfer,2024-02-20 01:21:00
84,,,2024-06-05 20:57:00,1.0,807.66,paid,bank_transfer,2024-06-08 09:57:00
85,,,2024-03-23 07:00:00,3.0,,returned,credit_card,2024-03-24 16:00:00
86,31.0,,2024-06-16 11:44:00,3.0,,,credit_card,2024-06-18 00:44:00
87,29.0,31.0,2024-04-04 19:14:00,5.0,,cancelled,,2024-04-07 15:14:00
88,32.0,,2024-06-19 06:48:00,-1.0,1410.49,returned,credit_card,2024-06-19 13:48:00
89,74.0,,2024-05-20 16:12:00,-1.0,889.26,,,2024-05-21 03:12:00
90,,,2024-05-10 14:51:00,5.0,,,cash,2024-05-10 16:51:00
91,1.0,38.0,2024-04-11 08:52:00,1.0,853.16,returned,credit_card,2024-04-11 16:52:00
92,53.0,,2024-04-30 01:18:00,3.0,,cancelled,,2024-05-02 01:18:00
93,112.0,23.0,2024-01-21 21:42:00,2.0,,returned,bank_transfer,2024-01-23 01:42:00
94,,,2024-01-01 00:19:00,2.0,,paid,cash,2024-01-02 00:19:00
95,,40.0,2024-01-29 01:51:00,2.0,420.1,returned,credit_card,2024-01-31 10:51:00
96,112.0,16.0,2024-06-02 21:45:00,5.0,883.54,created,bank_transfer,2024-06-05 13:45:00
97,,,2024-03-15 07:52:00,2.0,610.51,,bank_transfer,2024-03-17 11:52:00
98,72.0,,2024-03-17 08:03:00,1.0,,returned,cash,2024-03-19 13:03:00
99,49.0,,2024-04-14 04:19:00,2.0,,,bank_transfer,2024-04-16 15:19:00
100,54.0,25.0,2024-01-15 17:26:00,3.0,414.64,cancelled,cash,2024-01-16 04:26:00
101,25.0,,2024-05-17 23:53:00,,1213.89,created,bank_transfer,2024-05-20 22:53:00
102,,20.0,2024-02-25 15:13:00,2.0,1874.95,,,2024-02-26 22:13:00
103,,,2024-06-27 19:45:00,3.0,,shipped,cash,2024-06-29 17:45:00
104,,21.0,2024-05-11 15:29:00,3.0,632.71,returned,bank_transfer,2024-05-12 09:29:00
105,,19.0,2024-01-05 08:35:00,2.0,,returned,bank_transfer,2024-01-07 23:35:00
106,,,2024-05-20 20:43:00,5.0,,paid,bank_transfer,2024-05-23 17:43:00
107,114.0,34.0,2024-05-05 05:58:00,1.0,1890.92,created,,2024-05-05 22:58:00
108,91.0,1.0,2024-06-10 07:04:00,-1.0,917.46,returned,,2024-06-12 21:04:00
109,,1.0,2024-01-05 00:34:00,-1.0,,created,,2024-01-05 22:34:00
110,20.0,,2024-01-28 03:33:00,3.0,,created,cash,2024-01-30 06:33:00
111,90.0,20.0,2024-04-27 18:15:00,,1983.43,created,,2024-04-29 18:15:00
112,8.0,11.0,2024-04-06 17:30:00,5.0,,returned,credit_card,2024-04-09 12:30:00
113,,18.0,2024-01-11 07:13:00,1.0,,returned,credit_card,2024-01-12 05:13:00
114,76.0,26.0,2024-03-21 00:13:00,3.0,333.28,returned,,2024-03-23 21:13:00
115,95.0,,2024-03-25 12:48:00,1.0,204.39,created,cash,2024-03-27 14:48:00
116,,32.0,2024-03-24 00:40:00,3.0,,cancelled,bank_transfer,2024-03-26 00:40:00
117,103.0,5.0,2024-01-22 19:18:00,3.0,316.9,,,2024-01-24 11:18:00
118,,,2024-04-02 03:05:00,3.0,213.44,paid,,2024-04-04 12:05:00
119,53.0,2.0,2024-05-22 17:32:00,3.0,,cancelled,credit_card,2024-05-24 06:32:00
120,11.0,37.0,2024-04-15 12:49:00,,767.66,shipped,cash,2024-04-16 22:49:00
121,,,2024-05-06 04:04:00,3.0,973.62,shipped,cash,2024-05-07 11:04:00
122,79.0,30.0,2024-06-09 15:38:00,2.0,,shipped,,2024-06-11 09:38:00
123,105.0,,2024-04-22 10:27:00,-1.0,1895.09,cancelled,cash,2024-04-23 08:27:00
124,,37.0,2024-04-11 10:18:00,3.0,,shipped,credit_card,2024-04-14 10:18:00
125,24.0,30.0,2024-02-21 18:34:00,5.0,1597.39,cancelled,,2024-02-22 11:34:00
126,33.0,,2024-06-11 09:15:00,1.0,,returned,,2024-06-14 05:15:00
127,70.0,24.0,2024-05-09 22:26:00,1.0,,paid,credit_card,2024-05-12 22:26:00
128,,28.0,2024-06-14 21:41:00,1.0,206.23,returned,bank_transfer,2024-06-17 06:41:00
129,99.0,23.0,2024-04-05 12:29:00,5.0,,created,credit_card,2024-04-06 06:29:00
130,59.0,,2024-03-30 09:21:00,3.0,,,,2024-04-01 01:21:00
131,104.0,,2024-01-18 09:02:00,,227.63,,bank_transfer,2024-01-21 03:02:00
132,,30.0,2024-02-14 17:10:00,5.0,1263.22,,,2024-02-16 19:10:00
133,114.0,,2024-01-08 23:39:00,5.0,18.86,paid,cash,2024-01-09 07:39:00
134,112.0,,2024-05-27 03:51:00,2.0,,,,2024-05-29 22:51:00
135,,38.0,2024-06-12 10:38:00,3.0,,returned,bank_transfer,2024-06-14 00:38:00
136,87.0,21.0,2024-06-06 18:05:00,2.0,617.71,shipped,bank_transfer,2024-06-09 11:05:00
137,,28.0,2024-04-09 13:38:00,5.0,1274.65,returned,bank_transfer,2024-04-12 03:38:00
138,,40.0,2024-03-14 04:11:00,3.0,,paid,bank_transfer,2024-03-16 05:11:00
139,,,2024-05-23 16:41:00,,,paid,credit_card,2024-05-26 16:41:00
140,,,2024-01-08 07:18:00,2.0,,returned,credit_card,2024-01-08 21:18:00
141,47.0,29.0,2024-03-09 17:52:00,5.0,213.81,shipped,credit_card,2024-03-12 02:52:00
142,105.0,29.0,2024-03-08 11:55:00,2.0,,,,2024-03-09 08:55:00
143,27.0,,2024-06-06 04:50:00,-1.0,569.36,shipped,cash,2024-06-07 17:50:00
144,66.0,,2024-05-26 08:54:00,1.0,1985.05,,bank_transfer,2024-05-27 15:54:00
145,107.0,,2024-02-07 22:20:00,2.0,,,,2024-02-09 22:20:00
146,102.0,,2024-04-25 02:40:00,,,cancelled,,2024-04-26 19:40:00
147,100.0,,2024-05-28 00:55:00,1.0,,paid,,2024-05-29 03:55:00
148,,22.0,2024-05-06 08:20:00,-1.0,,,credit_card,2024-05-06 13:20:00
149,,2.0,2024-01-26 20:50:00,2.0,888.16,cancelled,bank_transfer,2024-01-27 12:50:00
150,,,2024-06-15 09:10:00,3.0,174.02,created,,2024-06-17 00:10:00
151,84.0,7.0,2024-06-28 07:27:00,2.0,958.85,returned,bank_transfer,2024-07-01 01:27:00
152,,,2024-06-23 14:00:00,,273.03,paid,,2024-06-24 01:00:00
153,,,2024-01-27 03:20:00,2.0,1286.74,created,credit_card,2024-01-28 00:20:00
154,28.0,,2024-04-22 11:46:00,2.0,182.51,paid,credit_card,2024-04-24 12:46:00
155,102.0,,2024-03-30 13:20:00,,,,credit_card,2024-04-01 03:20:00
156,66.0,,2024-02-22 16:38:00,,118.59,cancelled,,2024-02-23 06:38:00
157,77.0,34.0,2024-03-02 15:40:00,3.0,1868.51,cancelled,,2024-03-04 13:40:00
158,,5.0,2024-05-19 21:11:00,-1.0,,paid,credit_card,2024-05-20 04:11:00
159,,,2024-04-11 16:18:00,1.0,1284.67,shipped,credit_card,2024-04-13 07:18:00
160,27.0,,2024-01-21 16:58:00,5.0,1177.01,shipped,,2024-01-22 22:58:00
161,,,2024-01-15 07:05:00,-1.0,,,bank_transfer,2024-01-15 22:05:00
162,90.0,,2024-01-04 22:08:00,3.0,,paid,cash,2024-01-05 14:08:00
163,16.0,,2024-03-09 23:56:00,3.0,,,credit_card,2024-03-12 14:56:00
164,,37.0,2024-04-26 16:23:00,3.0,323.05,returned,credit_card,2024-04-27 21:23:00
165,110.0,16.0,2024-05-10 00:02:00,5.0,734.31,paid,credit_card,2024-05-12 22:02:00
166,42.0,,2024-06-16 13:14:00,3.0,,created,credit_card,2024-06-17 11:14:00
167,52.0,,2024-02-27 16:02:00,3.0,,created,cash,2024-02-28 17:02:00
168,39.0,,2024-03-15 18:50:00,-1.0,1944.0,,bank_transfer,2024-03-16 13:50:00
169,,,2024-01-02 13:01:00,1.0,,,cash,2024-01-03 02:01:00
170,,4.0,2024-02-22 16:15:00,,566.85,paid,,2024-02-24 15:15:00
171,75.0,33.0,2024-04-27 23:05:00,,1641.73,returned,credit_card,2024-04-30 06:05:00
172,,,2024-06-18 04:15:00,,,shipped,,2024-06-19 14:15:00
173,18.0,10.0,2024-02-29 02:12:00,2.0,,cancelled,credit_card,2024-03-02 22:12:00
174,,17.0,2024-04-01 06:28:00,1.0,,,credit_card,2024-04-02 09:28:00
175,92.0,,2024-03-24 04:05:00,-1.0,,shipped,bank_transfer,2024-03-24 07:05:00
176,96.0,,2024-04-13 14:35:00,1.0,1609.75,created,credit_card,2024-04-13 21:35:00
177,,24.0,2024-02-26 04:12:00,-1.0,1176.38,created,credit_card,2024-02-27 05:12:00
178,17.0,22.0,2024-06-14 14:51:00,1.0,1885.14,paid,,2024-06-16 16:51:00
179,,,2024-05-07 00:24:00,2.0,,shipped,,2024-05-07 19:24:00
180,79.0,,2024-01-09 19:39:00,5.0,,created,credit_card,2024-01-11 06:39:00
181,26.0,35.0,2024-04-08 04:26:00,5.0,,cancelled,,2024-04-10 00:26:00
182,,12.0,2024-05-24 16:20:00,3.0,1198.26,shipped,credit_card,2024-05-27 04:20:00
183,75.0,11.0,2024-05-15 11:49:00,2.0,,returned,credit_card,2024-05-16 15:49:00
184,120.0,12.0,2024-05-27 12:22:00,-1.0,,returned,credit_card,2024-05-29 09:22:00
185,73.0,,2024-05-25 18:09:00,2.0,985.97,created,bank_transfer,2024-05-26 22:09:00
186,,40.0,2024-01-06 16:30:00,2.0,688.11,shipped,credit_card,2024-01-06 18:30:00
187,118.0,,2024-02-07 18:45:00,1.0,,returned,credit_card,2024-02-09 13:45:00
188,,,2024-03-18 10:08:00,2.0,,paid,bank_transfer,2024-03-20 10:08:00
189,38.0,12.0,2024-03-19 23:44:00,,,returned,credit_card,2024-03-20 22:44:00
190,104.0,37.0,2024-06-03 10:58:00,5.0,289.88,paid,cash,2024-06-05 02:58:00
191,,29.0,2024-02-12 20:56:00,3.0,427.27,shipped,cash,2024-02-13 09:56:00
192,,,2024-01-01 01:24:00,5.0,,returned,,2024-01-01 13:24:00
193,98.0,,2024-05-02 18:41:00,1.0,1600.4,shipped,credit_card,2024-05-04 10:41:00
194,44.0,25.0,2024-03-07 03:04:00,,159.25,shipped,,2024-03-07 06:04:00
195,,11.0,2024-04-20 20:10:00,1.0,668.88,cancelled,cash,2024-04-22 08:10:00
196,,,2024-03-17 07:06:00,2.0,118.46,cancelled,credit_card,2024-03-18 20:06:00
197,62.0,7.0,2024-06-18 20:38:00,2.0,,created,,2024-06-19 10:38:00
198,,,2024-03-19 12:30:00,2.0,,shipped,bank_transfer,2024-03-21 21:30:00
199,,,2024-01-12 08:28:00,-1.0,132.66,created,cash,2024-01-15 05:28:00
200,71.0,,2024-04-15 18:14:00,-1.0,,returned,bank_transfer,2024-04-18 06:14:00
201,116.0,33.0,2024-03-17 02:25:00,1.0,,paid,bank_transfer,2024-03-18 05:25:00
202,55.0,28.0,2024-02-19 04:02:00,,,shipped,credit_card,2024-02-19 15:02:00
203,,,2024-04-09 17:25:00,1.0,,created,,2024-04-10 12:25:00
204,75.0,7.0,2024-02-07 18:37:00,3.0,,cancelled,cash,2024-02-09 19:37:00
205,,3.0,2024-06-16 15:36:00,3.0,,created,,2024-06-18 09:36:00
206,,,2024-06-25 07:03:00,1.0,,shipped,cash,2024-06-27 21:03:00
207,112.0,,2024-06-27 21:06:00,,,shipped,,2024-06-28 08:06:00
208,,,2024-02-18 14:13:00,1.0,1035.39,created,cash,2024-02-21 06:13:00
209,109.0,12.0,2024-04-13 04:49:00,2.0,1675.58,created,,2024-04-13 10:49:00
210,,,2024-04-02 22:12:00,,1846.92,paid,cash,2024-04-05 12:12:00
211,,,2024-06-01 14:11:00,3.0,,,credit_card,2024-06-03 02:11:00
212,21.0,15.0,2024-01-08 12:03:00,,,returned,credit_card,2024-01-08 13:03:00
213,23.0,,2024-05-01 04:41:00,-1.0,,,cash,2024-05-03 10:41:00
214,33.0,,2024-04-06 11:29:00,,,returned,credit_card,2024-04-06 11:29:00
215,,,2024-05-10 21:53:00,3.0,,created,cash,2024-05-12 08:53:00
216,,20.0,2024-06-12 10:55:00,2.0,1039.41,created,,2024-06-14 02:55:00
217,,,2024-06-23 04:46:00,5.0,815.15,returned,bank_transfer,2024-06-24 23:46:00
218,,,2024-02-26 21:34:00,2.0,1682.87,shipped,credit_card,2024-02-29 09:34:00
219,93.0,22.0,2024-02-02 23:16:00,2.0,,cancelled,cash,2024-02-04 22:16:00
220,60.0,31.0,2024-03-07 18:18:00,,1171.31,cancelled,bank_transfer,2024-03-10 10:18:00
221,,27.0,2024-01-31 21:24:00,2.0,283.36,shipped,,2024-02-03 21:24:00
222,111.0,,2024-04-27 04:20:00,3.0,1265.76,shipped,credit_card,2024-04-27 04:20:00
223,98.0,37.0,2024-04-25 08:13:00,5.0,1572.57,paid,,2024-04-27 14:13:00
224,50.0,3.0,2024-04-13 13:30:00,,752.47,shipped,bank_transfer,2024-04-13 15:30:00
225,94.0,,2024-06-22 00:40:00,3.0,,returned,cash,2024-06-22 21:40:00
226,,,2024-01-17 01:19:00,5.0,1777.07,shipped,,2024-01-18 22:19:00
227,,2.0,2024-02-18 05:58:00,2.0,1457.07,paid,credit_card,2024-02-20 21:58:00
228,92.0,,2024-02-13 03:23:00,-1.0,1250.04,,credit_card,2024-02-13 05:23:00
229,,25.0,2024-01-13 22:07:00,-1.0,512.95,paid,credit_card,2024-01-15 12:07:00
230,,40.0,2024-04-17 21:06:00,5.0,1663.0,returned,credit_card,2024-04-19 09:06:00
231,26.0,17.0,2024-01-30 03:31:00,3.0,,paid,credit_card,2024-02-02 01:31:00
232,,22.0,2024-05-07 06:44:00,1.0,35.37,created,,2024-05-08 01:44:00
233,93.0,17.0,2024-01-24 16:04:00,5.0,,shipped,,2024-01-24 22:04:00
234,,,2024-01-26 05:55:00,5.0,1479.69,created,credit_card,2024-01-26 22:55:00
235,,,2024-06-18 20:10:00,,,paid,credit_card,2024-06-20 23:10:00
236,,,2024-04-12 14:17:00,,1773.39,created,bank_transfer,2024-04-12 21:17:00
237,,,2024-02-10 03:26:00,2.0,,returned,credit_card,2024-02-10 19:26:00
238,,29.0,2024-05-03 15:07:00,1.0,,created,bank_transfer,2024-05-05 10:07:00
239,90.0,28.0,2024-05-12 16:44:00,5.0,,paid,credit_card,2024-05-12 17:44:00
240,,32.0,2024-06-13 05:32:00,1.0,,paid,cash,2024-06-14 16:32:00
241,,26.0,2024-01-13 16:14:00,1.0,,created,,2024-01-16 01:14:00
242,96.0,,2024-03-21 03:31:00,5.0,81.31,created,cash,2024-03-23 20:31:00
243,,,2024-05-23 06:41:00,1.0,,shipped,,2024-05-25 04:41:00
244,98.0,,2024-04-25 03:06:00,3.0,,returned,cash,2024-04-25 16:06:00
245,,,2024-01-12 05:31:00,-1.0,399.88,cancelled,bank_transfer,2024-01-14 15:31:00
246,,3.0,2024-02-18 22:21:00,5.0,920.2,cancelled,credit_card,2024-02-21 17:21:00
247,,33.0,2024-01-13 17:59:00,,1161.32,created,,2024-01-15 10:59:00
248,78.0,,2024-05-09 12:26:00,3.0,,paid,bank_transfer,2024-05-11 16:26:00
249,,,2024-06-03 22:56:00,,1476.27,paid,bank_transfer,2024-06-05 11:56:00
250,87.0,,2024-06-24 11:58:00,,,returned,,2024-06-26 16:58:00
251,,28.0,2024-06-21 23:57:00,-1.0,,paid,credit_card,2024-06-22 06:57:00
252,101.0,,2024-02-21 08:48:00,2.0,,paid,credit_card,2024-02-23 05:48:00
253,112.0,,2024-04-25 03:39:00,2.0,,,credit_card,2024-04-27 03:39:00
254,,36.0,2024-04-09 13:50:00,1.0,1489.9,returned,,2024-04-10 17:50:00
255,,38.0,2024-06-11 22:45:00,,,cancelled,bank_transfer,2024-06-12 07:45:00
256,66.0,25.0,2024-02-17 05:47:00,5.0,,paid,bank_transfer,2024-02-18 13:47:00
257,91.0,3.0,2024-01-02 10:29:00,3.0,,cancelled,cash,2024-01-02 19:29:00
258,24.0,33.0,2024-03-22 16:14:00,5.0,,created,cash,2024-03-23 20:14:00
259,,19.0,2024-02-24 21:21:00,-1.0,1065.69,created,cash,2024-02-27 06:21:00
260,118.0,,2024-03-02 20:39:00,5.0,1832.71,cancelled,cash,2024-03-05 17:39:00
261,,,2024-03-13 00:58:00,5.0,97.26,shipped,credit_card,2024-03-13 12:58:00
262,1.0,14.0,2024-02-12 17:34:00,,854.18,paid,,2024-02-13 02:34:00
263,,3.0,2024-06-24 04:01:00,1.0,,returned,credit_card,2024-06-25 09:01:00
264,,,2024-03-07 13:24:00,1.0,785.11,returned,credit_card,2024-03-07 21:24:00
265,109.0,23.0,2024-05-29 01:44:00,3.0,,returned,credit_card,2024-05-30 13:44:00
266,106.0,31.0,2024-04-22 12:25:00,-1.0,,returned,cash,2024-04-23 06:25:00
267,,1.0,2024-03-17 21:56:00,1.0,,returned,credit_card,2024-03-19 12:56:00
268,,,2024-02-23 23:47:00,,1704.4,paid,bank_transfer,2024-02-25 03:47:00
269,15.0,37.0,2024-06-06 08:12:00,-1.0,927.92,shipped,credit_card,2024-06-07 16:12:00
270,,,2024-01-26 06:46:00,2.0,1345.88,created,cash,2024-01-26 14:46:00
271,,,2024-02-19 10:31:00,,,shipped,,2024-02-20 07:31:00
272,101.0,,2024-01-02 10:15:00,3.0,,cancelled,,2024-01-04 19:15:00
273,71.0,12.0,2024-04-01 09:31:00,3.0,1718.84,returned,bank_transfer,2024-04-02 18:31:00
274,10.0,33.0,2024-06-09 02:46:00,-1.0,1162.01,created,cash,2024-06-11 23:46:00
275,100.0,,2024-05-18 15:41:00,2.0,,paid,,2024-05-21 07:41:00
276,47.0,16.0,2024-05-10 02:25:00,-1.0,289.34,paid,bank_transfer,2024-05-12 15:25:00
277,,15.0,2024-04-01 01:14:00,3.0,745.18,,bank_transfer,2024-04-03 19:14:00
278,,3.0,2024-04-02 12:30:00,,,,cash,2024-04-05 09:30:00
279,,24.0,2024-05-25 05:24:00,-1.0,510.66,returned,,2024-05-27 02:24:00
280,62.0,33.0,2024-03-29 15:50:00,5.0,339.56,returned,cash,2024-03-30 18:50:00
281,47.0,,2024-02-08 05:10:00,3.0,,,,2024-02-10 18:10:00
282,,2.0,2024-02-23 18:10:00,1.0,264.49,paid,credit_card,2024-02-24 12:10:00
283,119.0,,2024-01-15 05:16:00,-1.0,1938.79,,cash,2024-01-15 15:16:00
284,,11.0,2024-02-25 14:38:00,5.0,1205.67,returned,cash,2024-02-26 11:38:00
285,59.0,,2024-06-24 10:59:00,5.0,273.1,paid,,2024-06-25 05:59:00
286,61.0,35.0,2024-06-04 03:11:00,1.0,969.66,returned,credit_card,2024-06-06 10:11:00
287,112.0,,2024-05-13 13:23:00,2.0,,cancelled,cash,2024-05-14 01:23:00
288,62.0,,2024-04-18 04:16:00,-1.0,,shipped,bank_transfer,2024-04-18 04:16:00
289,16.0,25.0,2024-01-02 18:33:00,,,shipped,credit_card,2024-01-03 13:33:00
290,,,2024-04-19 20:37:00,-1.0,,,,2024-04-20 22:37:00
291,,,2024-04-15 17:50:00,-1.0,,shipped,cash,2024-04-17 19:50:00
292,96.0,29.0,2024-02-05 21:07:00,1.0,,shipped,credit_card,2024-02-06 17:07:00
293,103.0,,2024-04-09 20:00:00,-1.0,876.4,shipped,bank_transfer,2024-04-11 19:00:00
294,,,2024-01-21 19:02:00,,1927.42,paid,,2024-01-24 03:02:00
295,,13.0,2024-01-03 06:54:00,-1.0,1025.99,returned,bank_transfer,2024-01-03 10:54:00
296,1.0,,2024-04-02 07:41:00,5.0,,cancelled,bank_transfer,2024-04-05 01:41:00
297,9.0,,2024-01-04 23:45:00,,,shipped,cash,2024-01-06 03:45:00
298,,37.0,2024-06-04 06:29:00,3.0,358.32,returned,credit_card,2024-06-06 22:29:00
299,,,2024-03-16 10:07:00,,,returned,,2024-03-17 17:07:00
300,59.0,31.0,2024-03-27 14:43:00,3.0,144.43,,bank_transfer,2024-03-29 06:43:00
301,69.0,17.0,2024-04-15 11:33:00,3.0,,created,bank_transfer,2024-04-17 23:33:00
302,,12.0,2024-03-21 11:13:00,5.0,1476.85,,bank_transfer,2024-03-22 20:13:00
303,107.0,,2024-02-22 07:12:00,2.0,1560.09,created,,2024-02-22 07:12:00
304,,,2024-05-18 01:54:00,5.0,,cancelled,bank_transfer,2024-05-20 18:54:00
305,97.0,,2024-03-12 12:14:00,5.0,1879.91,returned,cash,2024-03-14 14:14:00
306,,21.0,2024-06-24 05:29:00,1.0,,returned,credit_card,2024-06-25 22:29:00
307,34.0,,2024-04-02 19:55:00,2.0,,shipped,bank_transfer,2024-04-05 10:55:00
308,,,2024-04-18 06:26:00,3.0,906.95,returned,bank_transfer,2024-04-18 18:26:00
309,,13.0,2024-03-10 07:35:00,,307.6,paid,,2024-03-12 22:35:00
310,,,2024-02-04 20:33:00,3.0,1128.66,cancelled,credit_card,2024-02-05 16:33:00
311,,,2024-01-16 06:52:00,,,shipped,cash,2024-01-18 02:52:00
312,45.0,37.0,2024-01-06 13:07:00,3.0,,,,2024-01-06 23:07:00
313,60.0,,2024-04-07 19:18:00,5.0,,created,credit_card,2024-04-08 15:18:00
314,,,2024-03-28 07:20:00,3.0,,,,2024-03-30 11:20:00
315,3.0,,2024-02-12 05:54:00,,1404.39,paid,bank_transfer,2024-02-14 07:54:00
316,,36.0,2024-01-27 03:04:00,1.0,1544.16,created,cash,2024-01-27 22:04:00
317,,20.0,2024-01-22 20:59:00,2.0,,,bank_transfer,2024-01-23 12:59:00
318,,,2024-05-14 05:01:00,5.0,,returned,,2024-05-14 22:01:00
319,,,2024-06-27 17:11:00,-1.0,,shipped,,2024-06-30 14:11:00
320,,,2024-02-28 02:28:00,2.0,614.11,returned,bank_transfer,2024-02-29 22:28:00
321,,,2024-03-14 15:34:00,1.0,,returned,bank_transfer,2024-03-14 15:34:00
322,,26.0,2024-05-20 11:12:00,2.0,,cancelled,bank_transfer,2024-05-21 20:12:00
323,,,2024-01-21 13:40:00,5.0,384.12,paid,bank_transfer,2024-01-23 02:40:00
324,,,2024-01-29 20:29:00,2.0,648.08,created,credit_card,2024-01-30 19:29:00
325,,1.0,2024-01-27 09:17:00,1.0,,paid,cash,2024-01-29 14:17:00
326,60.0,22.0,2024-03-20 15:23:00,2.0,,created,,2024-03-21 14:23:00
327,49.0,8.0,2024-02-19 08:52:00,5.0,,paid,credit_card,2024-02-20 09:52:00
328,13.0,,2024-04-27 23:49:00,,,paid,credit_card,2024-04-30 21:49:00
329,,,2024-05-13 03:16:00,1.0,1728.68,created,bank_transfer,2024-05-15 10:16:00
330,,38.0,2024-03-24 00:10:00,5.0,1580.4,created,,2024-03-24 19:10:00
331,,,2024-04-05 02:15:00,,,,bank_transfer,2024-04-07 22:15:00
332,,,2024-01-28 04:31:00,5.0,1469.05,,,2024-01-30 01:31:00
333,,,2024-02-04 08:57:00,-1.0,1397.11,returned,bank_transfer,2024-02-07 05:57:00
334,,39.0,2024-03-30 10:46:00,1.0,,shipped,cash,2024-04-02 07:46:00
335,,12.0,2024-04-03 14:00:00,-1.0,1715.09,shipped,credit_card,2024-04-06 10:00:00
336,,36.0,2024-04-09 06:33:00,-1.0,,,cash,2024-04-09 20:33:00
337,9.0,9.0,2024-01-25 16:42:00,1.0,,paid,credit_card,2024-01-25 20:42:00
338,,,2024-05-26 20:53:00,1.0,739.04,created,bank_transfer,2024-05-29 10:53:00
339,82.0,,2024-01-21 14:51:00,3.0,1590.56,returned,cash,2024-01-24 09:51:00
340,,5.0,2024-01-11 23:04:00,-1.0,203.27,returned,,2024-01-12 23:04:00
341,32.0,,2024-02-19 16:42:00,,,,,2024-02-21 22:42:00
342,,,2024-01-27 05:50:00,,,shipped,cash,2024-01-30 03:50:00
343,,21.0,2024-03-24 11:26:00,-1.0,,returned,cash,2024-03-26 09:26:00
344,1.0,19.0,2024-04-25 14:25:00,-1.0,,created,cash,2024-04-26 18:25:00
345,,36.0,2024-02-24 10:01:00,1.0,,paid,bank_transfer,2024-02-25 19:01:00
346,,20.0,2024-04-03 18:15:00,-1.0,805.6,,credit_card,2024-04-05 11:15:00
347,106.0,,2024-05-03 05:31:00,1.0,,created,credit_card,2024-05-04 23:31:00
348,120.0,15.0,2024-03-30 13:26:00,,,created,cash,2024-04-02 08:26:00
349,73.0,21.0,2024-01-11 10:34:00,2.0,,cancelled,credit_card,2024-01-12 14:34:00
350,51.0,,2024-04-20 09:50:00,1.0,956.95,returned,,2024-04-21 18:50:00
351,56.0,,2024-01-22 12:32:00,-1.0,,,bank_transfer,2024-01-25 11:32:00
352,32.0,,2024-06-06 23:33:00,5.0,653.59,created,,2024-06-09 05:33:00
353,,39.0,2024-04-03 11:12:00,3.0,,returned,,2024-04-04 05:12:00
354,105.0,,2024-04-22 01:59:00,2.0,1517.89,created,credit_card,2024-04-23 08:59:00
355,,,2024-06-07 04:55:00,,,cancelled,,2024-06-07 06:55:00
356,69.0,,2024-03-25 06:47:00,-1.0,971.22,,credit_card,2024-03-27 06:47:00
357,,11.0,2024-05-29 21:33:00,3.0,,created,,2024-05-29 22:33:00
358,,7.0,2024-01-18 12:42:00,3.0,,paid,,2024-01-21 05:42:00
359,111.0,12.0,2024-01-26 10:31:00,-1.0,1933.91,created,bank_transfer,2024-01-29 05:31:00
360,51.0,,2024-03-19 10:31:00,,,paid,cash,2024-03-19 17:31:00
361,50.0,,2024-06-09 08:56:00,2.0,,,bank_transfer,2024-06-09 19:56:00
362,79.0,27.0,2024-04-07 16:43:00,-1.0,,returned,cash,2024-04-10 01:43:00
363,84.0,38.0,2024-05-18 04:13:00,2.0,624.91,cancelled,bank_transfer,2024-05-21 04:13:00
364,72.0,,2024-02-10 10:04:00,2.0,,cancelled,,2024-02-12 00:04:00
365,,10.0,2024-04-23 23:59:00,1.0,271.78,returned,cash,2024-04-26 23:59:00
366,30.0,,2024-06-05 07:38:00,1.0,,paid,,2024-06-07 06:38:00
367,61.0,11.0,2024-02-17 12:31:00,2.0,74.14,shipped,,2024-02-18 16:31:00
368,27.0,,2024-06-20 06:48:00,-1.0,,cancelled,bank_transfer,2024-06-22 12:48:00
369,,,2024-04-13 01:38:00,-1.0,1878.89,returned,credit_card,2024-04-15 10:38:00
370,,,2024-04-26 01:56:00,-1.0,1532.67,paid,cash,2024-04-28 09:56:00
371,,30.0,2024-04-11 09:49:00,5.0,595.9,,bank_transfer,2024-04-13 20:49:00
372,93.0,12.0,2024-06-14 14:05:00,5.0,,created,bank_transfer,2024-06-17 00:05:00
373,,,2024-05-31 22:57:00,3.0,1386.52,,credit_card,2024-06-01 09:57:00
374,,,2024-01-30 22:28:00,,1584.22,cancelled,,2024-01-31 03:28:00
375,112.0,11.0,2024-02-13 10:36:00,2.0,1540.62,cancelled,cash,2024-02-15 01:36:00
376,24.0,9.0,2024-04-24 09:40:00,1.0,,created,,2024-04-27 00:40:00
377,,16.0,2024-05-07 17:51:00,-1.0,,cancelled,,2024-05-08 03:51:00
378,,40.0,2024-06-02 19:00:00,1.0,377.83,,cash,2024-06-02 23:00:00
379,,22.0,2024-02-07 01:42:00,1.0,226.69,paid,cash,2024-02-10 00:42:00
380,,3.0,2024-02-15 14:47:00,3.0,,created,,2024-02-18 12:47:00
381,18.0,,2024-01-17 09:30:00,-1.0,833.38,,bank_transfer,2024-01-17 16:30:00
382,81.0,,2024-01-28 18:46:00,5.0,,shipped,cash,2024-01-29 10:46:00
383,,32.0,2024-06-06 18:31:00,-1.0,,paid,credit_card,2024-06-07 09:31:00
384,102.0,,2024-01-07 14:40:00,5.0,,returned,bank_transfer,2024-01-07 15:40:00
385,,,2024-06-12 06:44:00,3.0,,created,credit_card,2024-06-14 00:44:00
386,73.0,12.0,2024-03-28 12:46:00,3.0,,cancelled,credit_card,2024-03-29 05:46:00
387,,,2024-05-03 04:40:00,,,returned,cash,2024-05-06 03:40:00
388,,23.0,2024-05-17 00:13:00,2.0,568.12,shipped,,2024-05-19 20:13:00
389,50.0,39.0,2024-02-12 18:38:00,3.0,,,credit_card,2024-02-14 04:38:00
390,113.0,,2024-04-15 02:31:00,3.0,,paid,credit_card,2024-04-17 01:31:00
391,,33.0,2024-01-10 06:58:00,5.0,1810.86,paid,cash,2024-01-12 19:58:00
392,42.0,7.0,2024-05-14 09:49:00,2.0,,cancelled,credit_card,2024-05-14 09:49:00
393,109.0,,2024-03-20 01:43:00,1.0,,created,cash,2024-03-21 03:43:00
394,,,2024-03-23 06:12:00,5.0,,paid,bank_transfer,2024-03-24 17:12:00
395,72.0,,2024-01-30 00:39:00,-1.0,643.78,,cash,2024-01-31 07:39:00
396,,,2024-02-13 02:19:00,1.0,,,credit_card,2024-02-13 15:19:00
397,,,2024-04-08 01:05:00,-1.0,,paid,credit_card,2024-04-10 12:05:00
398,,,2024-05-25 04:05:00,3.0,,cancelled,bank_transfer,2024-05-26 08:05:00
399,,26.0,2024-02-06 19:16:00,,,shipped,,2024-02-09 09:16:00
400,,,2024-01-08 02:30:00,2.0,,returned,bank_transfer,2024-01-10 19:30:00
401,92.0,21.0,2024-01-27 12:52:00,3.0,,returned,,2024-01-28 18:52:00
402,,25.0,2024-06-07 07:35:00,3.0,,cancelled,cash,2024-06-10 04:35:00
403,85.0,,2024-06-26 07:11:00,1.0,,shipped,credit_card,2024-06-28 15:11:00
404,9.0,,2024-02-15 09:25:00,3.0,993.65,created,bank_transfer,2024-02-16 02:25:00
405,1.0,,2024-05-28 20:51:00,-1.0,,paid,bank_transfer,2024-05-30 12:51:00
406,,,2024-03-17 18:50:00,1.0,,paid,cash,2024-03-18 01:50:00
407,,,2024-04-04 17:03:00,1.0,,,cash,2024-04-06 17:03:00
408,70.0,,2024-04-13 12:27:00,2.0,,shipped,,2024-04-14 07:27:00
409,18.0,5.0,2024-03-14 21:08:00,2.0,,,,2024-03-15 14:08:00
410,,,2024-01-22 04:41:00,-1.0,,returned,,2024-01-24 05:41:00
411,55.0,,2024-03-31 07:11:00,,,cancelled,cash,2024-03-31 11:11:00
412,,,2024-01-10 18:30:00,,,cancelled,credit_card,2024-01-13 12:30:00
413,61.0,,2024-06-05 02:15:00,-1.0,,returned,credit_card,2024-06-07 14:15:00
414,,,2024-04-26 16:57:00,3.0,585.52,,cash,2024-04-29 16:57:00
415,61.0,37.0,2024-03-07 01:40:00,,1980.83,shipped,,2024-03-07 11:40:00
416,,17.0,2024-02-02 16:04:00,-1.0,,created,credit_card,2024-02-03 14:04:00
417,,24.0,2024-05-31 23:09:00,3.0,1567.23,cancelled,bank_transfer,2024-06-03 18:09:00
418,19.0,,2024-01-09 10:05:00,5.0,,,bank_transfer,2024-01-10 12:05:00
419,45.0,17.0,2024-05-27 23:53:00,1.0,,cancelled,cash,2024-05-30 11:53:00
420,,,2024-05-16 07:24:00,2.0,,created,cash,2024-05-18 16:24:00
421,68.0,,2024-04-07 21:20:00,5.0,,shipped,cash,2024-04-09 07:20:00
422,,30.0,2024-01-26 08:41:00,,1347.06,returned,cash,2024-01-27 07:41:00
423,87.0,5.0,2024-03-21 17:00:00,5.0,204.42,,,2024-03-23 13:00:00
424,33.0,3.0,2024-02-26 23:18:00,-1.0,192.96,returned,credit_card,2024-02-27 14:18:00
425,49.0,8.0,2024-01-23 19:08:00,3.0,596.19,,,2024-01-25 06:08:00
426,,17.0,2024-04-19 22:57:00,1.0,561.8,cancelled,,2024-04-21 16:57:00
427,34.0,29.0,2024-01-16 08:52:00,5.0,1959.05,returned,,2024-01-17 06:52:00
428,,14.0,2024-06-14 15:06:00,5.0,1433.65,created,credit_card,2024-06-15 00:06:00
429,,,2024-05-26 23:16:00,2.0,1309.2,created,,2024-05-28 09:16:00
430,,37.0,2024-02-08 22:21:00,-1.0,,cancelled,,2024-02-11 01:21:00
431,,31.0,2024-01-18 17:14:00,-1.0,,shipped,cash,2024-01-20 20:14:00
432,,,2024-01-15 20:41:00,1.0,,,bank_transfer,2024-01-16 18:41:00
433,85.0,,2024-05-21 01:24:00,1.0,,cancelled,credit_card,2024-05-23 09:24:00
434,25.0,38.0,2024-02-18 04:02:00,5.0,,cancelled,,2024-02-18 06:02:00
435,44.0,26.0,2024-01-10 10:03:00,2.0,,,bank_transfer,2024-01-11 15:03:00
436,,,2024-01-19 01:47:00,-1.0,101.15,created,bank_transfer,2024-01-19 07:47:00
437,79.0,38.0,2024-03-19 03:29:00,1.0,237.22,created,bank_transfer,2024-03-21 09:29:00
438,,8.0,2024-03-27 23:43:00,3.0,1674.49,created,bank_transfer,2024-03-29 17:43:00
439,,,2024-01-17 03:17:00,-1.0,338.36,returned,credit_card,2024-01-17 20:17:00
440,49.0,,2024-01-26 20:39:00,1.0,22.64,created,cash,2024-01-29 01:39:00
441,17.0,,2024-06-26 15:44:00,-1.0,906.33,paid,credit_card,2024-06-27 14:44:00
442,,,2024-05-07 19:05:00,1.0,1119.84,created,credit_card,2024-05-09 17:05:00
443,60.0,18.0,2024-05-18 16:14:00,2.0,234.23,,,2024-05-21 07:14:00
444,119.0,,2024-02-15 05:42:00,3.0,,shipped,,2024-02-15 10:42:00
445,119.0,11.0,2024-01-27 23:03:00,5.0,1034.66,paid,,2024-01-29 16:03:00
446,,15.0,2024-04-17 06:47:00,3.0,463.29,,,2024-04-18 07:47:00
447,,,2024-04-06 07:04:00,2.0,,paid,,2024-04-08 06:04:00
448,,18.0,2024-02-04 14:46:00,3.0,263.15,shipped,bank_transfer,2024-02-05 04:46:00
449,,,2024-04-29 14:26:00,-1.0,322.01,returned,bank_transfer,2024-04-30 01:26:00
450,111.0,,2024-04-15 16:31:00,5.0,,,bank_transfer,2024-04-16 23:31:00
451,29.0,37.0,2024-03-24 13:37:00,5.0,1960.57,cancelled,credit_card,2024-03-26 19:37:00
452,104.0,,2024-05-15 12:30:00,2.0,175.35,,,2024-05-16 15:30:00
453,31.0,,2024-02-03 11:18:00,,,returned,credit_card,2024-02-05 21:18:00
454,,,2024-04-28 04:55:00,,933.95,,credit_card,2024-04-30 05:55:00
455,,,2024-06-25 10:33:00,,1892.73,,credit_card,2024-06-27 04:33:00
456,,4.0,2024-01-15 16:58:00,5.0,737.53,shipped,cash,2024-01-16 14:58:00
457,9.0,,2024-06-14 17:45:00,2.0,,,bank_transfer,2024-06-15 21:45:00
458,,18.0,2024-03-23 11:57:00,1.0,,cancelled,credit_card,2024-03-25 23:57:00
459,,,2024-05-16 21:52:00,,1891.28,paid,,2024-05-17 08:52:00
460,,5.0,2024-01-21 12:57:00,2.0,559.13,cancelled,bank_transfer,2024-01-22 14:57:00
461,,35.0,2024-05-13 20:01:00,5.0,,,credit_card,2024-05-15 09:01:00
462,112.0,,2024-02-18 02:01:00,5.0,,cancelled,,2024-02-20 12:01:00
463,,,2024-03-18 18:08:00,2.0,,created,bank_transfer,2024-03-20 15:08:00
464,80.0,,2024-03-13 14:10:00,2.0,1946.68,paid,bank_transfer,2024-03-14 04:10:00
465,,,2024-01-11 10:36:00,2.0,418.26,,cash,2024-01-13 06:36:00
466,70.0,,2024-02-07 11:28:00,1.0,,cancelled,bank_transfer,2024-02-09 21:28:00
467,,,2024-03-22 04:00:00,3.0,1939.52,returned,,2024-03-23 23:00:00
468,62.0,9.0,2024-06-25 03:46:00,3.0,59.34,cancelled,cash,2024-06-25 14:46:00
469,83.0,38.0,2024-03-24 01:38:00,3.0,399.47,returned,,2024-03-24 12:38:00
470,,39.0,2024-05-11 12:12:00,,728.52,,,2024-05-13 11:12:00
471,,,2024-04-08 11:00:00,5.0,1749.86,paid,,2024-04-10 16:00:00
472,,27.0,2024-04-23 09:10:00,-1.0,1199.89,paid,cash,2024-04-25 21:10:00
473,,6.0,2024-05-14 10:04:00,5.0,,cancelled,bank_transfer,2024-05-17 09:04:00
474,97.0,13.0,2024-04-28 22:36:00,5.0,,created,cash,2024-04-30 12:36:00
475,60.0,2.0,2024-05-06 17:47:00,2.0,,created,cash,2024-05-08 22:47:00
476,89.0,2.0,2024-02-15 15:58:00,3.0,991.17,returned,cash,2024-02-18 04:58:00
477,,,2024-05-24 13:55:00,-1.0,1468.58,shipped,bank_transfer,2024-05-24 20:55:00
478,113.0,23.0,2024-02-07 10:29:00,1.0,,,cash,2024-02-07 16:29:00
479,82.0,33.0,2024-03-15 09:33:00,,374.66,returned,bank_transfer,2024-03-18 06:33:00
480,,,2024-03-23 10:52:00,1.0,,paid,credit_card,2024-03-24 03:52:00
481,,,2024-05-12 09:23:00,2.0,213.81,returned,bank_transfer,2024-05-13 09:23:00
482,107.0,,2024-05-23 19:44:00,1.0,241.97,created,,2024-05-25 15:44:00
483,,,2024-03-20 22:23:00,2.0,1422.69,,credit_card,2024-03-22 02:23:00
484,89.0,20.0,2024-02-02 22:09:00,2.0,269.13,cancelled,credit_card,2024-02-03 07:09:00
485,56.0,13.0,2024-01-05 15:48:00,1.0,1588.18,cancelled,credit_card,2024-01-06 23:48:00
486,86.0,7.0,2024-01-12 02:19:00,-1.0,418.75,paid,cash,2024-01-12 05:19:00
487,,,2024-01-24 04:54:00,3.0,329.51,returned,credit_card,2024-01-24 16:54:00
488,28.0,19.0,2024-05-28 00:33:00,-1.0,18.61,paid,,2024-05-29 22:33:00
489,57.0,,2024-06-27 18:11:00,5.0,853.94,cancelled,credit_card,2024-06-29 10:11:00
490,67.0,,2024-02-01 14:07:00,,583.66,created,cash,2024-02-04 05:07:00
491,,29.0,2024-01-30 12:18:00,-1.0,,paid,credit_card,2024-02-02 00:18:00
492,,,2024-06-22 11:11:00,5.0,1050.1,created,bank_transfer,2024-06-24 13:11:00
493,14.0,,2024-04-12 22:37:00,2.0,,created,bank_transfer,2024-04-15 04:37:00
494,,,2024-05-07 08:48:00,5.0,,cancelled,cash,2024-05-08 02:48:00
495,,32.0,2024-04-26 03:07:00,,1885.38,created,credit_card,2024-04-26 11:07:00
496,,,2024-05-07 21:01:00,2.0,612.48,created,,2024-05-10 08:01:00
497,,,2024-02-21 09:42:00,-1.0,693.8,created,,2024-02-22 00:42:00
498,,,2024-04-08 14:20:00,1.0,,,bank_transfer,2024-04-11 04:20:00
499,,32.0,2024-04-20 04:19:00,-1.0,,cancelled,bank_transfer,2024-04-22 20:19:00
500,,,2024-01-15 12:16:00,3.0,647.76,returned,credit_card,2024-01-16 04:16:00
501,95.0,,2024-04-03 11:51:00,1.0,,cancelled,cash,2024-04-03 18:51:00
502,,38.0,2024-06-18 07:15:00,,,created,cash,2024-06-19 04:15:00
503,,,2024-01-06 17:20:00,3.0,,returned,credit_card,2024-01-08 09:20:00
504,42.0,32.0,2024-04-06 18:24:00,,,cancelled,cash,2024-04-07 15:24:00
505,56.0,32.0,2024-06-06 09:23:00,-1.0,,created,cash,2024-06-08 12:23:00
506,12.0,,2024-02-27 19:47:00,3.0,,cancelled,bank_transfer,2024-02-29 15:47:00
507,,,2024-01-20 20:52:00,2.0,,returned,,2024-01-23 18:52:00
508,91.0,,2024-02-16 00:40:00,2.0,,shipped,,2024-02-19 00:40:00
509,,30.0,2024-06-09 01:33:00,2.0,,cancelled,,2024-06-10 17:33:00
510,,,2024-01-17 20:13:00,,329.56,cancelled,bank_transfer,2024-01-18 10:13:00
511,,,2024-02-08 06:01:00,-1.0,,,credit_card,2024-02-09 07:01:00
512,,18.0,2024-02-10 08:08:00,,,created,credit_card,2024-02-10 18:08:00
513,111.0,,2024-03-21 19:19:00,,1318.29,cancelled,bank_transfer,2024-03-23 01:19:00
514,65.0,,2024-01-29 18:47:00,5.0,1770.28,returned,credit_card,2024-01-31 10:47:00
515,50.0,28.0,2024-03-25 18:47:00,2.0,222.56,shipped,,2024-03-27 22:47:00
516,,,2024-03-06 18:03:00,-1.0,853.32,shipped,bank_transfer,2024-03-08 16:03:00
517,,2.0,2024-05-01 22:23:00,,1327.82,,bank_transfer,2024-05-03 06:23:00
518,,8.0,2024-05-21 12:19:00,5.0,,shipped,cash,2024-05-21 23:19:00
519,111.0,,2024-03-01 09:13:00,,818.51,shipped,credit_card,2024-03-03 23:13:00
520,,28.0,2024-04-30 23:26:00,2.0,1399.98,shipped,,2024-05-03 21:26:00
521,4.0,,2024-03-24 14:44:00,,,paid,cash,2024-03-26 06:44:00
522,21.0,34.0,2024-05-27 02:07:00,-1.0,,cancelled,,2024-05-27 19:07:00
523,,19.0,2024-03-07 05:43:00,1.0,834.85,cancelled,,2024-03-08 09:43:00
524,72.0,,2024-01-06 00:59:00,2.0,530.95,created,,2024-01-08 06:59:00
525,,11.0,2024-06-02 08:09:00,1.0,,cancelled,,2024-06-02 23:09:00
526,,,2024-02-27 22:13:00,5.0,269.1,returned,bank_transfer,2024-02-29 10:13:00
527,,10.0,2024-06-22 06:26:00,3.0,1952.5,returned,,2024-06-23 13:26:00
528,,6.0,2024-04-04 18:43:00,5.0,,,,2024-04-05 21:43:00
529,,5.0,2024-04-08 22:27:00,-1.0,,paid,,2024-04-10 19:27:00
530,77.0,,2024-06-04 21:51:00,-1.0,,cancelled,cash,2024-06-05 13:51:00
531,,,2024-05-23 01:37:00,3.0,1757.01,created,cash,2024-05-25 20:37:00
532,,3.0,2024-04-20 04:16:00,5.0,,,cash,2024-04-22 11:16:00
533,,,2024-03-13 08:39:00,5.0,,,,2024-03-14 03:39:00
534,,4.0,2024-05-22 21:40:00,2.0,118.59,created,,2024-05-24 06:40:00
535,56.0,32.0,2024-02-11 22:29:00,5.0,,cancelled,,2024-02-12 12:29:00
536,12.0,19.0,2024-02-07 03:22:00,2.0,,returned,bank_transfer,2024-02-07 03:22:00
537,54.0,,2024-05-14 18:11:00,,,created,cash,2024-05-15 09:11:00
538,119.0,21.0,2024-04-10 11:37:00,1.0,,cancelled,cash,2024-04-10 11:37:00
539,,21.0,2024-03-25 01:41:00,2.0,,shipped,credit_card,2024-03-25 10:41:00
540,,17.0,2024-05-20 19:24:00,2.0,,created,credit_card,2024-05-21 21:24:00
541,,10.0,2024-02-11 12:49:00,3.0,,,cash,2024-02-12 04:49:00
542,,33.0,2024-04-01 21:06:00,5.0,,cancelled,cash,2024-04-04 21:06:00
543,,24.0,2024-06-02 13:05:00,5.0,1265.07,created,cash,2024-06-05 00:05:00
544,88.0,32.0,2024-06-22 07:41:00,3.0,941.76,cancelled,cash,2024-06-23 02:41:00
545,39.0,,2024-02-02 21:57:00,3.0,1141.39,created,credit_card,2024-02-05 14:57:00
546,,,2024-04-18 13:06:00,-1.0,172.72,created,,2024-04-19 11:06:00
547,,,2024-02-16 12:02:00,-1.0,,returned,cash,2024-02-18 07:02:00
548,,,2024-02-17 06:11:00,-1.0,,created,credit_card,2024-02-18 03:11:00
549,,,2024-06-16 15:29:00,3.0,,,,2024-06-18 05:29:00
550,2.0,8.0,2024-01-23 04:08:00,,1941.34,paid,,2024-01-23 22:08:00
551,108.0,,2024-06-15 07:27:00,5.0,,created,credit_card,2024-06-16 04:27:00
552,,31.0,2024-02-09 23:44:00,5.0,1174.6,shipped,,2024-02-10 05:44:00
553,,,2024-03-26 00:06:00,,,created,,2024-03-28 03:06:00
554,,15.0,2024-05-04 16:37:00,-1.0,,returned,credit_card,2024-05-06 02:37:00
555,61.0,,2024-06-14 13:56:00,5.0,1398.05,paid,cash,2024-06-15 13:56:00
556,30.0,,2024-04-30 11:28:00,-1.0,,paid,cash,2024-05-02 12:28:00
557,,31.0,2024-04-16 21:41:00,-1.0,422.35,,,2024-04-17 13:41:00
558,,,2024-02-14 06:10:00,5.0,614.27,returned,credit_card,2024-02-14 08:10:00
559,87.0,12.0,2024-04-01 08:22:00,1.0,682.09,returned,bank_transfer,2024-04-01 23:22:00
560,,23.0,2024-05-23 07:31:00,-1.0,542.31,,credit_card,2024-05-23 13:31:00
561,97.0,7.0,2024-04-22 14:53:00,-1.0,93.52,paid,credit_card,2024-04-23 16:53:00
562,,,2024-04-02 05:46:00,,1742.28,,cash,2024-04-03 23:46:00
563,,27.0,2024-02-05 03:54:00,2.0,,shipped,cash,2024-02-07 19:54:00
564,,24.0,2024-02-13 02:17:00,2.0,,paid,bank_transfer,2024-02-15 08:17:00
565,,,2024-04-15 13:57:00,2.0,1542.6,created,cash,2024-04-17 05:57:00
566,,3.0,2024-04-12 05:27:00,-1.0,,cancelled,,2024-04-15 03:27:00
567,,,2024-03-18 23:47:00,-1.0,1224.7,,,2024-03-21 08:47:00
568,,,2024-06-13 06:56:00,2.0,1763.14,created,cash,2024-06-15 07:56:00
569,37.0,,2024-02-02 16:34:00,-1.0,688.01,created,credit_card,2024-02-05 13:34:00
570,,28.0,2024-05-31 08:15:00,,,shipped,cash,2024-05-31 23:15:00
571,,37.0,2024-01-13 20:07:00,5.0,684.57,,bank_transfer,2024-01-15 16:07:00
572,101.0,25.0,2024-03-17 09:42:00,1.0,662.42,shipped,,2024-03-17 21:42:00
573,,6.0,2024-02-07 22:27:00,1.0,855.52,cancelled,bank_transfer,2024-02-10 07:27:00
574,,,2024-01-20 11:43:00,3.0,,cancelled,,2024-01-22 16:43:00
575,,30.0,2024-02-11 04:32:00,,1031.24,,bank_transfer,2024-02-13 14:32:00
576,,,2024-05-01 01:47:00,1.0,,created,bank_transfer,2024-05-01 16:47:00
577,,32.0,2024-04-05 09:23:00,2.0,,created,cash,2024-04-06 21:23:00
578,,1.0,2024-02-25 05:52:00,-1.0,703.81,cancelled,,2024-02-26 20:52:00
579,,31.0,2024-05-24 14:57:00,2.0,,cancelled,,2024-05-25 09:57:00
580,,25.0,2024-03-24 02:51:00,5.0,684.61,,,2024-03-25 13:51:00
581,22.0,,2024-06-14 02:55:00,-1.0,1293.87,paid,credit_card,2024-06-17 02:55:00
582,61.0,8.0,2024-05-13 06:48:00,1.0,557.18,paid,,2024-05-13 16:48:00
583,52.0,32.0,2024-05-16 19:20:00,3.0,,created,cash,2024-05-18 19:20:00
584,13.0,19.0,2024-03-06 02:07:00,2.0,518.55,paid,cash,2024-03-08 06:07:00
585,,12.0,2024-06-22 05:03:00,,,created,cash,2024-06-22 23:03:00
586,49.0,4.0,2024-04-15 10:16:00,2.0,1506.75,cancelled,,2024-04-16 00:16:00
587,,,2024-03-09 01:20:00,1.0,820.91,created,cash,2024-03-11 23:20:00
588,32.0,,2024-05-30 21:06:00,5.0,176.98,paid,cash,2024-06-02 18:06:00
589,,3.0,2024-02-13 07:34:00,5.0,,,bank_transfer,2024-02-13 07:34:00
590,,,2024-01-16 15:17:00,,,created,bank_transfer,2024-01-19 11:17:00
591,,8.0,2024-05-24 02:19:00,,,cancelled,bank_transfer,2024-05-26 18:19:00
592,,,2024-03-22 21:21:00,2.0,,shipped,bank_transfer,2024-03-25 07:21:00
593,117.0,,2024-06-02 10:01:00,1.0,1803.88,cancelled,,2024-06-04 12:01:00
594,113.0,35.0,2024-05-17 02:50:00,,895.9,shipped,,2024-05-18 23:50:00
595,99.0,,2024-04-09 05:53:00,3.0,,created,bank_transfer,2024-04-09 07:53:00
596,,13.0,2024-03-12 21:58:00,-1.0,1254.22,paid,,2024-03-14 19:58:00
597,116.0,1.0,2024-01-10 08:31:00,,,returned,,2024-01-11 05:31:00
598,95.0,5.0,2024-05-21 06:42:00,,,returned,bank_transfer,2024-05-24 00:42:00
599,87.0,,2024-03-11 06:54:00,,,created,,2024-03-11 12:54:00
600,,,2024-03-23 13:54:00,5.0,729.33,,bank_transfer,2024-03-23 19:54:00
601,,,2024-03-12 13:34:00,2.0,676.06,,bank_transfer,2024-03-14 19:34:00
602,,20.0,2024-01-20 07:12:00,,1254.34,cancelled,,2024-01-20 10:12:00
603,,16.0,2024-05-31 20:59:00,5.0,,created,cash,2024-06-03 14:59:00
604,,,2024-03-01 02:49:00,-1.0,258.4,created,,2024-03-02 18:49:00
605,17.0,29.0,2024-06-26 02:50:00,3.0,,created,credit_card,2024-06-26 09:50:00
606,,26.0,2024-05-23 01:18:00,-1.0,1506.41,returned,credit_card,2024-05-25 11:18:00
607,55.0,22.0,2024-04-08 14:50:00,5.0,1039.25,created,credit_card,2024-04-08 15:50:00
608,76.0,37.0,2024-06-01 22:04:00,,,cancelled,,2024-06-04 06:04:00
609,103.0,4.0,2024-02-17 07:08:00,3.0,,shipped,bank_transfer,2024-02-18 01:08:00
610,,24.0,2024-04-30 09:38:00,-1.0,1177.02,created,bank_transfer,2024-05-03 01:38:00
611,45.0,13.0,2024-05-23 01:27:00,1.0,,,,2024-05-24 19:27:00
612,,,2024-05-28 18:21:00,2.0,218.65,cancelled,bank_transfer,2024-05-28 18:21:00
613,,40.0,2024-06-12 07:44:00,2.0,,,,2024-06-13 09:44:00
614,,1.0,2024-04-12 05:52:00,3.0,69.74,paid,cash,2024-04-14 13:52:00
615,,3.0,2024-02-19 20:37:00,2.0,403.67,paid,cash,2024-02-20 18:37:00
616,23.0,2.0,2024-03-27 17:15:00,3.0,1822.19,,bank_transfer,2024-03-29 17:15:00
617,120.0,,2024-06-16 03:21:00,2.0,,,bank_transfer,2024-06-18 22:21:00
618,92.0,8.0,2024-06-08 13:56:00,2.0,1591.85,returned,,2024-06-10 12:56:00
619,82.0,3.0,2024-03-22 19:27:00,-1.0,595.42,shipped,bank_transfer,2024-03-23 01:27:00
620,,14.0,2024-06-10 08:55:00,5.0,1584.08,paid,,2024-06-13 01:55:00
621,60.0,,2024-04-05 15:33:00,-1.0,,cancelled,cash,2024-04-07 18:33:00
622,5.0,15.0,2024-06-12 18:41:00,5.0,,paid,cash,2024-06-15 00:41:00
623,,17.0,2024-04-06 18:10:00,2.0,,cancelled,cash,2024-04-07 23:10:00
624,,,2024-05-29 01:29:00,5.0,,cancelled,cash,2024-05-30 11:29:00
625,57.0,17.0,2024-04-07 00:11:00,3.0,,returned,credit_card,2024-04-08 11:11:00
626,,3.0,2024-02-28 03:07:00,3.0,,shipped,cash,2024-02-29 14:07:00
627,,,2024-02-18 22:38:00,3.0,,cancelled,credit_card,2024-02-21 10:38:00
628,,15.0,2024-06-16 16:48:00,,,paid,,2024-06-19 03:48:00
629,109.0,,2024-03-28 02:20:00,2.0,882.97,shipped,bank_transfer,2024-03-28 18:20:00
630,,22.0,2024-03-19 23:00:00,5.0,,,cash,2024-03-21 16:00:00
631,101.0,9.0,2024-05-30 00:36:00,3.0,,cancelled,bank_transfer,2024-06-01 02:36:00
632,,,2024-01-17 17:24:00,-1.0,,created,bank_transfer,2024-01-18 06:24:00
633,,2.0,2024-06-21 17:11:00,2.0,,shipped,bank_transfer,2024-06-22 22:11:00
634,,,2024-03-15 21:33:00,-1.0,,cancelled,,2024-03-16 17:33:00
635,,,2024-01-29 04:34:00,2.0,268.57,shipped,,2024-01-31 16:34:00
636,40.0,,2024-02-10 19:36:00,3.0,411.39,cancelled,credit_card,2024-02-12 22:36:00
637,,,2024-06-03 07:33:00,-1.0,87.78,shipped,,2024-06-05 03:33:00
638,,40.0,2024-06-28 22:50:00,5.0,,cancelled,,2024-06-29 21:50:00
639,51.0,16.0,2024-06-27 18:06:00,3.0,,,credit_card,2024-06-28 21:06:00
640,71.0,24.0,2024-05-06 13:48:00,1.0,,cancelled,,2024-05-07 10:48:00
641,,2.0,2024-03-05 06:32:00,,,cancelled,cash,2024-03-07 09:32:00
642,,8.0,2024-02-19 12:02:00,3.0,,cancelled,,2024-02-19 20:02:00
643,,,2024-01-22 17:42:00,3.0,1684.71,created,credit_card,2024-01-23 15:42:00
644,,11.0,2024-03-16 03:34:00,,,paid,,2024-03-18 00:34:00
645,5.0,29.0,2024-02-15 06:45:00,,1624.91,cancelled,cash,2024-02-17 14:45:00
646,,13.0,2024-01-14 19:00:00,3.0,1818.43,created,credit_card,2024-01-17 00:00:00
647,106.0,5.0,2024-01-08 00:21:00,1.0,1595.88,,bank_transfer,2024-01-08 05:21:00
648,,21.0,2024-04-16 16:06:00,-1.0,,cancelled,credit_card,2024-04-17 21:06:00
649,42.0,,2024-02-24 03:22:00,,,paid,,2024-02-25 07:22:00
650,,3.0,2024-01-17 21:52:00,2.0,,created,bank_transfer,2024-01-19 05:52:00
651,,,2024-01-25 19:20:00,2.0,,,,2024-01-26 03:20:00
652,,25.0,2024-03-26 00:38:00,-1.0,1179.06,paid,credit_card,2024-03-26 15:38:00
653,55.0,40.0,2024-03-20 07:47:00,1.0,,shipped,bank_transfer,2024-03-21 02:47:00
654,5.0,,2024-04-06 06:41:00,,1755.89,shipped,cash,2024-04-06 11:41:00
655,,2.0,2024-05-13 13:41:00,,669.23,paid,credit_card,2024-05-14 20:41:00
656,,,2024-06-24 22:46:00,2.0,890.3,created,,2024-06-25 06:46:00
657,19.0,9.0,2024-02-19 01:40:00,2.0,1189.33,paid,credit_card,2024-02-21 07:40:00
658,93.0,,2024-04-29 09:10:00,2.0,,shipped,,2024-04-30 10:10:00
659,,25.0,2024-03-10 15:05:00,5.0,,paid,,2024-03-10 17:05:00
660,,39.0,2024-04-07 13:54:00,-1.0,,cancelled,,2024-04-09 04:54:00
661,,,2024-04-26 09:24:00,2.0,1432.58,paid,bank_transfer,2024-04-26 09:24:00
662,,,2024-01-04 16:46:00,5.0,,cancelled,,2024-01-06 07:46:00
663,53.0,,2024-06-13 18:04:00,-1.0,,shipped,cash,2024-06-16 11:04:00
664,48.0,,2024-05-05 20:44:00,,,created,cash,2024-05-05 23:44:00
665,,,2024-06-27 21:41:00,,303.26,returned,bank_transfer,2024-06-27 22:41:00
666,,26.0,2024-01-30 02:41:00,-1.0,,paid,,2024-01-31 10:41:00
667,,,2024-06-26 09:32:00,,829.1,created,cash,2024-06-27 03:32:00
668,,20.0,2024-03-09 23:13:00,2.0,1634.61,created,credit_card,2024-03-12 04:13:00
669,,11.0,2024-05-14 13:41:00,3.0,380.94,paid,,2024-05-15 12:41:00
670,73.0,12.0,2024-05-08 03:28:00,1.0,1502.33,shipped,,2024-05-10 11:28:00
671,112.0,,2024-06-09 19:06:00,1.0,,created,cash,2024-06-09 22:06:00
672,63.0,1.0,2024-05-29 07:30:00,3.0,1506.08,,credit_card,2024-05-29 19:30:00
673,,,2024-02-24 16:50:00,5.0,,returned,,2024-02-26 11:50:00
674,,,2024-04-04 21:56:00,,802.96,shipped,cash,2024-04-05 09:56:00
675,,9.0,2024-01-01 14:55:00,-1.0,,,bank_transfer,2024-01-03 13:55:00
676,,,2024-04-25 19:43:00,,,created,cash,2024-04-26 00:43:00
677,,26.0,2024-03-24 21:28:00,3.0,,,credit_card,2024-03-26 22:28:00
678,92.0,34.0,2024-03-16 19:12:00,2.0,1000.87,shipped,,2024-03-17 16:12:00
679,85.0,16.0,2024-04-24 03:30:00,2.0,1508.97,created,,2024-04-24 06:30:00
680,,,2024-02-11 10:57:00,,957.84,,bank_transfer,2024-02-14 06:57:00
681,,15.0,2024-06-11 23:31:00,,,,,2024-06-13 04:31:00
682,38.0,8.0,2024-02-27 08:07:00,3.0,1483.76,,credit_card,2024-02-29 07:07:00
683,74.0,20.0,2024-02-02 10:24:00,-1.0,,cancelled,cash,2024-02-04 08:24:00
684,85.0,,2024-06-22 04:33:00,1.0,,shipped,bank_transfer,2024-06-23 17:33:00
685,59.0,,2024-02-26 15:43:00,2.0,1496.65,returned,cash,2024-02-28 06:43:00
686,,,2024-05-08 22:07:00,3.0,,created,cash,2024-05-09 17:07:00
687,104.0,4.0,2024-02-23 23:59:00,5.0,,,bank_transfer,2024-02-24 01:59:00
688,,,2024-05-20 12:21:00,5.0,,shipped,bank_transfer,2024-05-23 10:21:00
689,42.0,,2024-04-10 03:08:00,,335.75,cancelled,,2024-04-11 16:08:00
690,103.0,,2024-02-07 06:13:00,,1713.72,,bank_transfer,2024-02-09 06:13:00
691,22.0,,2024-04-19 21:53:00,5.0,367.47,created,cash,2024-04-22 04:53:00
692,52.0,3.0,2024-02-08 20:46:00,2.0,,,bank_transfer,2024-02-10 20:46:00
693,,,2024-06-26 21:42:00,,,created,credit_card,2024-06-27 11:42:00
694,83.0,,2024-01-22 03:31:00,3.0,1390.51,returned,bank_transfer,2024-01-24 04:31:00
695,,37.0,2024-05-03 20:44:00,1.0,657.21,cancelled,credit_card,2024-05-05 22:44:00
696,,5.0,2024-05-22 17:50:00,2.0,1931.71,paid,bank_transfer,2024-05-22 17:50:00
697,41.0,3.0,2024-05-22 14:51:00,-1.0,420.4,created,cash,2024-05-22 18:51:00
698,,35.0,2024-01-22 03:32:00,5.0,1954.44,paid,cash,2024-01-22 08:32:00
699,,,2024-05-12 09:42:00,,,returned,bank_transfer,2024-05-12 21:42:00
700,5.0,,2024-06-18 01:15:00,2.0,1915.27,returned,cash,2024-06-19 12:15:00
701,55.0,,2024-02-02 23:39:00,3.0,769.75,cancelled,,2024-02-03 09:39:00
702,89.0,35.0,2024-03-06 21:27:00,1.0,,,bank_transfer,2024-03-08 20:27:00
703,106.0,27.0,2024-05-24 21:41:00,3.0,,cancelled,credit_card,2024-05-26 04:41:00
704,69.0,,2024-01-20 08:07:00,1.0,665.42,shipped,cash,2024-01-21 18:07:00
705,2.0,25.0,2024-02-07 07:17:00,5.0,1904.05,paid,cash,2024-02-09 21:17:00
706,,,2024-01-25 16:22:00,-1.0,207.14,paid,cash,2024-01-27 17:22:00
707,,31.0,2024-02-16 11:51:00,3.0,28.9,,bank_transfer,2024-02-17 05:51:00
708,35.0,24.0,2024-04-06 18:47:00,,,paid,,2024-04-08 15:47:00
709,,34.0,2024-04-29 16:18:00,3.0,1274.91,shipped,,2024-05-01 08:18:00
710,10.0,6.0,2024-01-24 20:05:00,-1.0,,returned,,2024-01-24 21:05:00
711,120.0,,2024-04-18 21:32:00,-1.0,1373.39,cancelled,credit_card,2024-04-19 21:32:00
712,,16.0,2024-01-02 22:27:00,-1.0,902.82,,bank_transfer,2024-01-03 20:27:00
713,,,2024-01-20 11:53:00,5.0,,created,cash,2024-01-21 18:53:00
714,,,2024-05-18 03:18:00,2.0,,paid,cash,2024-05-20 20:18:00
715,,,2024-01-10 14:57:00,1.0,,shipped,cash,2024-01-11 03:57:00
716,93.0,,2024-01-02 11:56:00,1.0,,paid,credit_card,2024-01-05 06:56:00
717,,1.0,2024-05-11 04:26:00,,,cancelled,cash,2024-05-12 18:26:00
718,,,2024-04-03 13:57:00,,1680.32,paid,cash,2024-04-05 20:57:00
719,112.0,8.0,2024-01-02 11:56:00,3.0,,cancelled,cash,2024-01-02 15:56:00
720,,,2024-02-11 21:12:00,5.0,1104.75,shipped,,2024-02-14 13:12:00
721,14.0,9.0,2024-04-09 04:07:00,3.0,1005.0,created,cash,2024-04-11 10:07:00
722,,,2024-06-01 23:00:00,5.0,,paid,bank_transfer,2024-06-04 16:00:00
723,99.0,17.0,2024-02-17 07:17:00,,1643.01,cancelled,credit_card,2024-02-19 23:17:00
724,110.0,15.0,2024-06-05 05:12:00,2.0,,paid,bank_transfer,2024-06-07 11:12:00
725,12.0,,2024-01-05 19:12:00,-1.0,619.83,paid,cash,2024-01-08 01:12:00
726,55.0,20.0,2024-05-02 01:32:00,3.0,,,,2024-05-03 08:32:00
727,6.0,,2024-03-22 01:11:00,2.0,,returned,credit_card,2024-03-24 08:11:00
728,,20.0,2024-02-17 08:31:00,1.0,1341.21,shipped,cash,2024-02-19 06:31:00
729,48.0,18.0,2024-05-30 16:38:00,-1.0,774.26,paid,credit_card,2024-05-30 21:38:00
730,25.0,29.0,2024-05-30 20:52:00,1.0,,shipped,,2024-05-31 21:52:00
731,6.0,,2024-05-16 23:09:00,-1.0,,shipped,,2024-05-17 14:09:00
732,54.0,,2024-04-21 02:30:00,,,created,credit_card,2024-04-22 02:30:00
733,69.0,,2024-04-11 15:43:00,-1.0,,cancelled,cash,2024-04-12 17:43:00
734,74.0,38.0,2024-02-17 00:10:00,-1.0,,shipped,bank_transfer,2024-02-18 13:10:00
735,22.0,3.0,2024-03-09 17:07:00,3.0,87.79,shipped,bank_transfer,2024-03-11 03:07:00
736,106.0,35.0,2024-01-14 20:15:00,1.0,,shipped,credit_card,2024-01-17 18:15:00
737,,21.0,2024-03-08 23:08:00,,,paid,cash,2024-03-09 21:08:00
738,85.0,,2024-03-06 00:34:00,,1272.27,cancelled,bank_transfer,2024-03-07 17:34:00
739,,,2024-03-09 06:37:00,2.0,,shipped,bank_transfer,2024-03-11 19:37:00
740,59.0,12.0,2024-01-24 15:11:00,-1.0,986.13,,cash,2024-01-24 17:11:00
741,,39.0,2024-03-20 05:56:00,1.0,,paid,,2024-03-22 08:56:00
742,18.0,39.0,2024-01-26 23:33:00,5.0,774.14,created,credit_card,2024-01-27 15:33:00
743,19.0,1.0,2024-03-04 02:17:00,-1.0,,,credit_card,2024-03-05 03:17:00
744,,,2024-02-05 15:48:00,3.0,963.03,created,cash,2024-02-08 12:48:00
745,6.0,,2024-02-01 00:52:00,1.0,,paid,credit_card,2024-02-02 04:52:00
746,50.0,,2024-01-07 07:27:00,2.0,,,credit_card,2024-01-09 21:27:00
747,,23.0,2024-02-13 03:14:00,-1.0,,created,credit_card,2024-02-13 22:14:00
748,43.0,28.0,2024-02-15 13:33:00,,,shipped,credit_card,2024-02-16 23:33:00
749,,5.0,2024-05-07 21:23:00,2.0,1557.79,shipped,bank_transfer,2024-05-09 22:23:00
750,,5.0,2024-04-24 23:50:00,-1.0,,paid,credit_card,2024-04-26 16:50:00
751,,,2024-02-02 05:49:00,5.0,,returned,cash,2024-02-02 22:49:00
752,,,2024-06-16 07:24:00,-1.0,1077.06,cancelled,credit_card,2024-06-18 12:24:00
753,89.0,6.0,2024-05-14 18:49:00,3.0,15.7,shipped,,2024-05-15 11:49:00
754,,,2024-01-29 01:58:00,5.0,,paid,bank_transfer,2024-01-30 05:58:00
755,16.0,25.0,2024-01-15 23:08:00,,,created,credit_card,2024-01-16 08:08:00
756,21.0,,2024-05-02 19:55:00,2.0,167.2,created,,2024-05-03 14:55:00
757,,,2024-02-16 15:47:00,,681.3,shipped,credit_card,2024-02-17 10:47:00
758,78.0,33.0,2024-01-16 20:02:00,1.0,,,,2024-01-19 18:02:00
759,40.0,28.0,2024-03-07 18:32:00,3.0,,paid,bank_transfer,2024-03-09 21:32:00
760,51.0,36.0,2024-06-07 01:14:00,,,,,2024-06-09 01:14:00
761,,,2024-02-12 01:51:00,1.0,,returned,cash,2024-02-12 04:51:00
762,70.0,5.0,2024-03-02 09:10:00,-1.0,,paid,bank_transfer,2024-03-02 13:10:00
763,73.0,,2024-03-02 08:05:00,1.0,105.62,shipped,credit_card,2024-03-04 05:05:00
764,,,2024-03-13 12:32:00,2.0,1408.29,shipped,,2024-03-16 04:32:00
765,100.0,,2024-01-26 16:51:00,5.0,1176.85,shipped,bank_transfer,2024-01-27 11:51:00
766,114.0,15.0,2024-06-23 14:05:00,,1311.9,returned,cash,2024-06-25 23:05:00
767,,,2024-02-03 10:18:00,2.0,425.55,paid,,2024-02-03 22:18:00
768,,36.0,2024-01-04 04:49:00,5.0,,paid,cash,2024-01-05 00:49:00
769,,6.0,2024-01-18 08:36:00,2.0,,shipped,,2024-01-19 16:36:00
770,18.0,,2024-04-23 20:59:00,1.0,,cancelled,,2024-04-24 12:59:00
771,,24.0,2024-04-22 11:32:00,,,shipped,credit_card,2024-04-22 18:32:00
772,72.0,10.0,2024-03-03 22:52:00,3.0,,created,bank_transfer,2024-03-05 23:52:00
773,,,2024-04-28 21:05:00,1.0,180.79,cancelled,,2024-04-29 22:05:00
774,,,2024-04-12 10:04:00,2.0,,created,cash,2024-04-14 20:04:00
775,61.0,,2024-01-10 17:09:00,-1.0,,created,cash,2024-01-13 00:09:00
776,28.0,,2024-05-01 06:03:00,3.0,1275.02,paid,credit_card,2024-05-02 17:03:00
777,,27.0,2024-04-13 02:19:00,,1787.22,created,credit_card,2024-04-15 08:19:00
778,,,2024-03-28 09:10:00,5.0,1075.66,,,2024-03-30 06:10:00
779,106.0,36.0,2024-06-26 18:24:00,1.0,1448.22,shipped,cash,2024-06-26 19:24:00
780,,21.0,2024-02-08 14:59:00,,818.71,cancelled,bank_transfer,2024-02-10 23:59:00
781,5.0,,2024-06-12 18:06:00,,1096.71,returned,,2024-06-13 21:06:00
782,87.0,,2024-03-30 06:12:00,1.0,,returned,credit_card,2024-04-01 21:12:00
783,,,2024-06-15 14:26:00,-1.0,,created,bank_transfer,2024-06-18 00:26:00
784,71.0,,2024-04-19 11:11:00,5.0,,,cash,2024-04-19 23:11:00
785,84.0,,2024-01-23 03:05:00,1.0,997.85,,,2024-01-25 19:05:00
786,,14.0,2024-05-28 01:42:00,5.0,1107.66,paid,,2024-05-28 16:42:00
787,,,2024-03-30 14:26:00,2.0,,,cash,2024-04-01 05:26:00
788,,3.0,2024-04-16 21:15:00,1.0,,returned,cash,2024-04-18 15:15:00
789,,,2024-02-13 18:27:00,1.0,,paid,,2024-02-14 16:27:00
790,,15.0,2024-04-13 10:33:00,,1604.33,,,2024-04-14 19:33:00
791,27.0,6.0,2024-05-21 05:20:00,5.0,32.96,created,credit_card,2024-05-23 05:20:00
792,,23.0,2024-01-07 23:46:00,2.0,1308.52,shipped,bank_transfer,2024-01-10 19:46:00
793,,17.0,2024-03-03 23:49:00,3.0,175.1,,credit_card,2024-03-04 12:49:00
794,77.0,7.0,2024-01-29 14:59:00,3.0,531.37,created,credit_card,2024-02-01 05:59:00
795,,,2024-04-02 06:25:00,1.0,978.17,paid,,2024-04-04 06:25:00
796,58.0,,2024-03-21 20:58:00,1.0,1808.24,created,cash,2024-03-23 16:58:00
797,70.0,,2024-05-03 19:38:00,1.0,393.76,returned,credit_card,2024-05-06 13:38:00
798,,8.0,2024-05-11 04:13:00,1.0,661.8,created,bank_transfer,2024-05-12 14:13:00
799,,,2024-03-11 15:12:00,5.0,,cancelled,,2024-03-12 15:12:00
800,,26.0,2024-03-05 05:12:00,-1.0,,paid,bank_transfer,2024-03-07 19:12:00
